,image_path,img_res,augmented,batchSize,learning_rate,numOfTrials,fc_layers,modelType,lambda,tl_model,link_layer,adaptive_smoothing,adaptive_lambda,adaptive_alpha,pretrained,loss,average correct guess prob,macro f1 test fine,macro f1 test coarse,macro f1 validation fine,time,epochs,top-3,top-5,experimentHash,trial,trialHash
0,Hard/curated_30_50,448,True,100,0.0001,5,1,HGNN,0.01,ResNet18,avgpool,True,0.01,0.9,False,4.3885931968688965,0.24734939634799957,0.4697477690126189,0.5464185804332791,0.44625027377975024,3960.840170145035,29.0,61.929462,67.42738,331fdf718eccc581e40a50d4677aad181b371dd30263c35a143f74f0,0,5a1c1cb9ada98bf1bc733868da195dc1d1338c44e0098667996c129d
1,Hard/curated_30_50,448,True,100,0.0001,5,1,HGNN,0.01,ResNet18,avgpool,True,0.01,0.9,False,4.406432628631592,0.22948510944843292,0.4224888621542022,0.5232020642594715,0.4247825996124345,3612.6331095695496,26.0,58.506226,64.31535,331fdf718eccc581e40a50d4677aad181b371dd30263c35a143f74f0,1,07cf8b8f49af586a8e74be62c757e641592d78f1700a989e92f2eb3f
2,Hard/curated_30_50,448,True,100,0.0001,5,1,HGNN,0.01,ResNet18,avgpool,True,0.01,0.9,False,4.3856072425842285,0.2504679262638092,0.44972530012583384,0.6245499623292428,0.4195424941117261,4567.410092115402,33.0,58.81743,65.3527,331fdf718eccc581e40a50d4677aad181b371dd30263c35a143f74f0,2,a0a77de87f71334d10585afcae0401d22211391bb522cb4255803d6a
3,Hard/curated_30_50,448,True,100,0.0001,5,1,HGNN,0.01,ResNet18,avgpool,True,0.01,0.9,False,4.396337985992432,0.23954659700393677,0.4684561587653594,0.5914461684266115,0.4482799827434701,3203.390384912491,23.0,63.900417,70.95436,331fdf718eccc581e40a50d4677aad181b371dd30263c35a143f74f0,3,1a4e8720316c2f253c437dad3bbb716bdb18f9dd52a008d351e71caf
4,Hard/curated_30_50,448,True,100,0.0001,5,1,HGNN,0.01,ResNet18,avgpool,True,0.01,0.9,False,4.390686511993408,0.2453327178955078,0.45814811302829156,0.6151374176508704,0.42168309692921324,3735.2456641197205,27.0,61.721992,67.94606,331fdf718eccc581e40a50d4677aad181b371dd30263c35a143f74f0,4,1a2f280a22dad1045212ea3f8ad2e2363e16369697f57dc725b6ccc1
