,image_path,img_res,augmented,batchSize,learning_rate,numOfTrials,fc_layers,modelType,lambda,tl_model,link_layer,adaptive_smoothing,adaptive_lambda,adaptive_alpha,pretrained,experimentHash,loss,loss,average correct guess prob,average correct guess prob,macro f1 test fine,macro f1 test fine,macro f1 test coarse,macro f1 test coarse,macro f1 validation fine,macro f1 validation fine,time,time,epochs,epochs,top-3,top-3,top-5,top-5
,,,,,,,,,,,,,,,,,mean,std,mean,std,mean,std,mean,std,mean,std,mean,std,mean,std,mean,std,mean,std
0,Easy100,448,True,64,0.0001,5,1,BB,0.01,ResNet18,avgpool,True,0.01,0.9,True,02d1f000996d2ba32a22b23296f3daa2b1533cf81b050de33f016876,3.04,0.019,0.632,0.019,0.92,0.008,0.981,0.01,0.892,0.013,13738.085,5284.664,56.6,21.709,98.22,0.568,98.805,0.514
1,Easy100,448,True,64,0.0001,5,1,HGNN,0.01,ResNet18,avgpool,True,0.01,0.9,True,4a8412482c9058b4e7a6bac744f002520455703ce8fb46c7006df254,3.057,0.01,0.615,0.011,0.915,0.009,0.969,0.008,0.891,0.017,8973.225,1381.786,36.6,5.273,98.035,0.582,98.805,0.387
2,Easy50,448,True,64,0.0001,5,1,BB,0.01,ResNet18,avgpool,True,0.01,0.9,True,db974121c4a931769e380ce11ce9774e60998237308ca1aeb2b96a99,3.199,0.009,0.47,0.009,0.846,0.016,0.961,0.022,0.852,0.029,9747.075,4381.007,57.6,25.948,95.789,0.967,97.368,0.372
3,Easy50,448,True,64,0.0001,5,1,HGNN,0.01,ResNet18,avgpool,True,0.01,0.9,True,fbf4c275e857df725e65ca95f294905a0966e68874b376dc8d1d1da9,3.189,0.015,0.48,0.015,0.873,0.005,0.958,0.055,0.863,0.012,12039.82,2908.46,65.8,15.975,96.579,0.671,98.0,0.546
