experimentName,modelName,datasetName,experimentHash,trialHash,image_path,suffix,img_res,augmented,batchSize,learning_rate,numOfTrials,modelType,lambda,pretrained,tl_model,link_layer,adaptive_smoothing,adaptive_lambda,adaptive_alpha,fc_layers
Easy,models/722617467486e177214160d664ac53cfc7705dfc4842c031a0d852d0,,4a8412482c9058b4e7a6bac744f002520455703ce8fb46c7006df254,722617467486e177214160d664ac53cfc7705dfc4842c031a0d852d0,Easy_100,,448,TRUE,64,0.0001,5,HGNN,0.01,TRUE,ResNet18,avgpool,TRUE,0.01,0.9,1
Easy,models/6686817b9cc7a39ff6acd6dab16859e287cb7b747eb9b5bb72239d91,,4a8412482c9058b4e7a6bac744f002520455703ce8fb46c7006df254,6686817b9cc7a39ff6acd6dab16859e287cb7b747eb9b5bb72239d91,Easy_100,,448,TRUE,64,0.0001,5,HGNN,0.01,TRUE,ResNet18,avgpool,TRUE,0.01,0.9,1
Easy,models/ad588cadfd61384b4e5e62d0f926c85636ba65eadea16ce5d51b789b,,4a8412482c9058b4e7a6bac744f002520455703ce8fb46c7006df254,ad588cadfd61384b4e5e62d0f926c85636ba65eadea16ce5d51b789b,Easy_100,,448,TRUE,64,0.0001,5,HGNN,0.01,TRUE,ResNet18,avgpool,TRUE,0.01,0.9,1
Easy,models/b3ab8dbec807dff011941a71ab9d048ec45f6cdbf6a640b33c4bf3f2,,4a8412482c9058b4e7a6bac744f002520455703ce8fb46c7006df254,b3ab8dbec807dff011941a71ab9d048ec45f6cdbf6a640b33c4bf3f2,Easy_100,,448,TRUE,64,0.0001,5,HGNN,0.01,TRUE,ResNet18,avgpool,TRUE,0.01,0.9,1
Easy,models/b4d477e8e08d2f67f226408c27255a1e73b8cb41e400f643acf90bba,,4a8412482c9058b4e7a6bac744f002520455703ce8fb46c7006df254,b4d477e8e08d2f67f226408c27255a1e73b8cb41e400f643acf90bba,Easy_100,,448,TRUE,64,0.0001,5,HGNN,0.01,TRUE,ResNet18,avgpool,TRUE,0.01,0.9,1
Easy,models/d01fa04100c92f6b8d6f0c80f64c9bfc354ceab094e191826caaf880,,02d1f000996d2ba32a22b23296f3daa2b1533cf81b050de33f016876,d01fa04100c92f6b8d6f0c80f64c9bfc354ceab094e191826caaf880,Easy_100,,448,TRUE,64,0.0001,5,BB,0.01,TRUE,ResNet18,avgpool,TRUE,0.01,0.9,1
Easy,models/b3f66fec65fb80293f9f81ddf0aa8a4801f9e0360142b35239de7b8e,,02d1f000996d2ba32a22b23296f3daa2b1533cf81b050de33f016876,b3f66fec65fb80293f9f81ddf0aa8a4801f9e0360142b35239de7b8e,Easy_100,,448,TRUE,64,0.0001,5,BB,0.01,TRUE,ResNet18,avgpool,TRUE,0.01,0.9,1
Easy,models/f47948fca32a46919ef2d1d9a4e8eb4e38e1bab29c2f20a1a96e2f37,,02d1f000996d2ba32a22b23296f3daa2b1533cf81b050de33f016876,f47948fca32a46919ef2d1d9a4e8eb4e38e1bab29c2f20a1a96e2f37,Easy_100,,448,TRUE,64,0.0001,5,BB,0.01,TRUE,ResNet18,avgpool,TRUE,0.01,0.9,1
Easy,models/f6753a3c38fd694b092fd1e08322d6c676233430b038cf3d331935ec,,02d1f000996d2ba32a22b23296f3daa2b1533cf81b050de33f016876,f6753a3c38fd694b092fd1e08322d6c676233430b038cf3d331935ec,Easy_100,,448,TRUE,64,0.0001,5,BB,0.01,TRUE,ResNet18,avgpool,TRUE,0.01,0.9,1
Easy,models/218f46b1f2dab1a9f1ada39e431a9ec9dd36c528b8cea96b708c46d4,,02d1f000996d2ba32a22b23296f3daa2b1533cf81b050de33f016876,218f46b1f2dab1a9f1ada39e431a9ec9dd36c528b8cea96b708c46d4,Easy_100,,448,TRUE,64,0.0001,5,BB,0.01,TRUE,ResNet18,avgpool,TRUE,0.01,0.9,1
Easy,models/c6230130e44001a9b123b44431fdef39d32a25d1a928ec96676a4cb2,,fbf4c275e857df725e65ca95f294905a0966e68874b376dc8d1d1da9,c6230130e44001a9b123b44431fdef39d32a25d1a928ec96676a4cb2,Easy_50,,448,TRUE,64,0.0001,5,HGNN,0.01,TRUE,ResNet18,avgpool,TRUE,0.01,0.9,1
Easy,models/c8602b33e64e8c3edaf179fb3339690231ff0b781b127e9c75cdd761,,fbf4c275e857df725e65ca95f294905a0966e68874b376dc8d1d1da9,c8602b33e64e8c3edaf179fb3339690231ff0b781b127e9c75cdd761,Easy_50,,448,TRUE,64,0.0001,5,HGNN,0.01,TRUE,ResNet18,avgpool,TRUE,0.01,0.9,1
Easy,models/fffa00aed0e2efa2a146273376379b90241aebea68b933f305648d2f,,fbf4c275e857df725e65ca95f294905a0966e68874b376dc8d1d1da9,fffa00aed0e2efa2a146273376379b90241aebea68b933f305648d2f,Easy_50,,448,TRUE,64,0.0001,5,HGNN,0.01,TRUE,ResNet18,avgpool,TRUE,0.01,0.9,1
Easy,models/40d055b2042d216bc08e80067fdf67354986533a305d87754cc58223,,fbf4c275e857df725e65ca95f294905a0966e68874b376dc8d1d1da9,40d055b2042d216bc08e80067fdf67354986533a305d87754cc58223,Easy_50,,448,TRUE,64,0.0001,5,HGNN,0.01,TRUE,ResNet18,avgpool,TRUE,0.01,0.9,1
Easy,models/268af0509863b63158fbca64174789deb89ce5648a76506daf7f8db5,,fbf4c275e857df725e65ca95f294905a0966e68874b376dc8d1d1da9,268af0509863b63158fbca64174789deb89ce5648a76506daf7f8db5,Easy_50,,448,TRUE,64,0.0001,5,HGNN,0.01,TRUE,ResNet18,avgpool,TRUE,0.01,0.9,1
Easy,models/14f84fc022b7e7cb4f3330a0f735694d47999bed71128c6dac61fe11,,db974121c4a931769e380ce11ce9774e60998237308ca1aeb2b96a99,14f84fc022b7e7cb4f3330a0f735694d47999bed71128c6dac61fe11,Easy_50,,448,TRUE,64,0.0001,5,BB,0.01,TRUE,ResNet18,avgpool,TRUE,0.01,0.9,1
Easy,models/88d35212f84ce39cadc0adda32e6a511c2041d7f168940698180ed0d,,db974121c4a931769e380ce11ce9774e60998237308ca1aeb2b96a99,88d35212f84ce39cadc0adda32e6a511c2041d7f168940698180ed0d,Easy_50,,448,TRUE,64,0.0001,5,BB,0.01,TRUE,ResNet18,avgpool,TRUE,0.01,0.9,1
Easy,models/d9694ce782a31c723858eb68cdd0cbaf8ef97b5b945a625d3b465667,,db974121c4a931769e380ce11ce9774e60998237308ca1aeb2b96a99,d9694ce782a31c723858eb68cdd0cbaf8ef97b5b945a625d3b465667,Easy_50,,448,TRUE,64,0.0001,5,BB,0.01,TRUE,ResNet18,avgpool,TRUE,0.01,0.9,1
Easy,models/d13c2fbfa7f55d135f5ab73559b59b7a515247ae2b323f0caf502b49,,db974121c4a931769e380ce11ce9774e60998237308ca1aeb2b96a99,d13c2fbfa7f55d135f5ab73559b59b7a515247ae2b323f0caf502b49,Easy_50,,448,TRUE,64,0.0001,5,BB,0.01,TRUE,ResNet18,avgpool,TRUE,0.01,0.9,1
Easy,models/4cc0a8b4e84e1cc1a0f6664c1562199c75209ae1334b9db2871a846b,,db974121c4a931769e380ce11ce9774e60998237308ca1aeb2b96a99,4cc0a8b4e84e1cc1a0f6664c1562199c75209ae1334b9db2871a846b,Easy_50,,448,TRUE,64,0.0001,5,BB,0.01,TRUE,ResNet18,avgpool,TRUE,0.01,0.9,1
Hard,models/382868e548a7caf52a35dd090fedf67cbcabaf182ee9439106027e18,,9f2ee487f1a968c58edd8935acf51e063c97d95e4f4e37e8460495ec,382868e548a7caf52a35dd090fedf67cbcabaf182ee9439106027e18,Hard/curated_30_50,,448,TRUE,64,0.0001,5,HGNN,0.01,TRUE,ResNet18,avgpool,TRUE,0.01,0.9,1
Hard,models/aa0326fcda24d700b9d3f73749abd1144ada48b42f1923d0aba32a1e,,9f2ee487f1a968c58edd8935acf51e063c97d95e4f4e37e8460495ec,aa0326fcda24d700b9d3f73749abd1144ada48b42f1923d0aba32a1e,Hard/curated_30_50,,448,TRUE,64,0.0001,5,HGNN,0.01,TRUE,ResNet18,avgpool,TRUE,0.01,0.9,1
Hard,models/fa30899284f1950bf87b8124d83121fc6035798fcfaf30d6fef72b1b,,9f2ee487f1a968c58edd8935acf51e063c97d95e4f4e37e8460495ec,fa30899284f1950bf87b8124d83121fc6035798fcfaf30d6fef72b1b,Hard/curated_30_50,,448,TRUE,64,0.0001,5,HGNN,0.01,TRUE,ResNet18,avgpool,TRUE,0.01,0.9,1
Hard,models/8342264f39f1d26ae93975dc73e92db44184fc5d1182c71045b59fe8,,9f2ee487f1a968c58edd8935acf51e063c97d95e4f4e37e8460495ec,8342264f39f1d26ae93975dc73e92db44184fc5d1182c71045b59fe8,Hard/curated_30_50,,448,TRUE,64,0.0001,5,HGNN,0.01,TRUE,ResNet18,avgpool,TRUE,0.01,0.9,1
Hard,models/585c6c93fee9fc2815ef10db6fb05e1fe51bbebd22a28dc213289ab2,,9f2ee487f1a968c58edd8935acf51e063c97d95e4f4e37e8460495ec,585c6c93fee9fc2815ef10db6fb05e1fe51bbebd22a28dc213289ab2,Hard/curated_30_50,,448,TRUE,64,0.0001,5,HGNN,0.01,TRUE,ResNet18,avgpool,TRUE,0.01,0.9,1
Hard,models/3e3ce20559ffb11cf290b7938361bfc31904cbd4aa48b3e47e8fd93f,,1c8073ef9d58167544640df071192688d86e4546a1161b7ea047f26a,3e3ce20559ffb11cf290b7938361bfc31904cbd4aa48b3e47e8fd93f,Hard/curated_30_50,,448,TRUE,64,0.0001,5,BB,0.01,TRUE,ResNet18,avgpool,TRUE,0.01,0.9,1
Hard,models/0f89fa65a7978b65bf2f55c1adb0b7a4c0024ae05f1653a6b1bc94ff,,1c8073ef9d58167544640df071192688d86e4546a1161b7ea047f26a,0f89fa65a7978b65bf2f55c1adb0b7a4c0024ae05f1653a6b1bc94ff,Hard/curated_30_50,,448,TRUE,64,0.0001,5,BB,0.01,TRUE,ResNet18,avgpool,TRUE,0.01,0.9,1
Hard,models/6d658efb0b3ef54631538895ec66659132cb12a737950bea701b5d9c,,1c8073ef9d58167544640df071192688d86e4546a1161b7ea047f26a,6d658efb0b3ef54631538895ec66659132cb12a737950bea701b5d9c,Hard/curated_30_50,,448,TRUE,64,0.0001,5,BB,0.01,TRUE,ResNet18,avgpool,TRUE,0.01,0.9,1
Hard,models/1b36e30495ed896425429fa706f39943ae8eee6244a0495c7e0a7f03,,1c8073ef9d58167544640df071192688d86e4546a1161b7ea047f26a,1b36e30495ed896425429fa706f39943ae8eee6244a0495c7e0a7f03,Hard/curated_30_50,,448,TRUE,64,0.0001,5,BB,0.01,TRUE,ResNet18,avgpool,TRUE,0.01,0.9,1
Hard,models/6690cf34f36d50751330ff7cfce45155615e0a5f5dbd486a625257d8,,1c8073ef9d58167544640df071192688d86e4546a1161b7ea047f26a,6690cf34f36d50751330ff7cfce45155615e0a5f5dbd486a625257d8,Hard/curated_30_50,,448,TRUE,64,0.0001,5,BB,0.01,TRUE,ResNet18,avgpool,TRUE,0.01,0.9,1
Hard,models/3143295fe92ee9c86c497d8c9f54618cd3d95afc4f2d4a7f041b56d4,,96f372367636fcf42a0f8625b36528b06cbfb2293d1ae5d60e914b63,3143295fe92ee9c86c497d8c9f54618cd3d95afc4f2d4a7f041b56d4,Hard/curated_30_50,,448,TRUE,64,0.0001,5,DSN,0.01,TRUE,ResNet18,avgpool,TRUE,0.01,0.9,1
Hard,models/23fa1558e9666253e67782ae358b0871c7c396f4eb91fee0e66ed151,,96f372367636fcf42a0f8625b36528b06cbfb2293d1ae5d60e914b63,23fa1558e9666253e67782ae358b0871c7c396f4eb91fee0e66ed151,Hard/curated_30_50,,448,TRUE,64,0.0001,5,DSN,0.01,TRUE,ResNet18,avgpool,TRUE,0.01,0.9,1
Hard,models/0636cf98db7e0cf91cf2e5247ea2991a830299863542d3cc53934f31,,96f372367636fcf42a0f8625b36528b06cbfb2293d1ae5d60e914b63,0636cf98db7e0cf91cf2e5247ea2991a830299863542d3cc53934f31,Hard/curated_30_50,,448,TRUE,64,0.0001,5,DSN,0.01,TRUE,ResNet18,avgpool,TRUE,0.01,0.9,1
Hard,models/6113b0db5fe14f8e65b56df4a516b468ec2854fc122d4dcc473452a6,,96f372367636fcf42a0f8625b36528b06cbfb2293d1ae5d60e914b63,6113b0db5fe14f8e65b56df4a516b468ec2854fc122d4dcc473452a6,Hard/curated_30_50,,448,TRUE,64,0.0001,5,DSN,0.01,TRUE,ResNet18,avgpool,TRUE,0.01,0.9,1
Hard,models/ec041980513144c3250d458ef5acea57d27277a9f04cf09067f766e1,,96f372367636fcf42a0f8625b36528b06cbfb2293d1ae5d60e914b63,ec041980513144c3250d458ef5acea57d27277a9f04cf09067f766e1,Hard/curated_30_50,,448,TRUE,64,0.0001,5,DSN,0.01,TRUE,ResNet18,avgpool,TRUE,0.01,0.9,1
Hard_noaggregation,models/2818cecf3a4da43ee4c97cf95d8f860d9bce17dd15eed14317450121,,57f7c86fecfbff7bdfa8312c44de0369c4335de3d77636c938b47c02,2818cecf3a4da43ee4c97cf95d8f860d9bce17dd15eed14317450121,Hard/curated_30_50,,448,FALSE,100,0.0001,5,HGNN,0.01,TRUE,ResNet18,avgpool,TRUE,0.01,0.9,1
Hard_noaggregation,models/53872cc76e481a9343060c6d71122d7c3a7ef50d21f3aa6c15b3d72e,,57f7c86fecfbff7bdfa8312c44de0369c4335de3d77636c938b47c02,53872cc76e481a9343060c6d71122d7c3a7ef50d21f3aa6c15b3d72e,Hard/curated_30_50,,448,FALSE,100,0.0001,5,HGNN,0.01,TRUE,ResNet18,avgpool,TRUE,0.01,0.9,1
Hard_noaggregation,models/ad238d860043600b5bd37bf2f5fdd56694f5f780a00a20a36c7fc48f,,57f7c86fecfbff7bdfa8312c44de0369c4335de3d77636c938b47c02,ad238d860043600b5bd37bf2f5fdd56694f5f780a00a20a36c7fc48f,Hard/curated_30_50,,448,FALSE,100,0.0001,5,HGNN,0.01,TRUE,ResNet18,avgpool,TRUE,0.01,0.9,1
Hard_noaggregation,models/ba9a7cb665734a9e629227049fdba81a555faff55263c0deee49a49a,,57f7c86fecfbff7bdfa8312c44de0369c4335de3d77636c938b47c02,ba9a7cb665734a9e629227049fdba81a555faff55263c0deee49a49a,Hard/curated_30_50,,448,FALSE,100,0.0001,5,HGNN,0.01,TRUE,ResNet18,avgpool,TRUE,0.01,0.9,1
Hard_noaggregation,models/60372c0c5590c7f1df1e84096db93be14f75ec601c888197a73a5249,,57f7c86fecfbff7bdfa8312c44de0369c4335de3d77636c938b47c02,60372c0c5590c7f1df1e84096db93be14f75ec601c888197a73a5249,Hard/curated_30_50,,448,FALSE,100,0.0001,5,HGNN,0.01,TRUE,ResNet18,avgpool,TRUE,0.01,0.9,1
Hard_notpretrained,models/5a1c1cb9ada98bf1bc733868da195dc1d1338c44e0098667996c129d,,331fdf718eccc581e40a50d4677aad181b371dd30263c35a143f74f0,5a1c1cb9ada98bf1bc733868da195dc1d1338c44e0098667996c129d,Hard/curated_30_50,,448,TRUE,100,0.0001,5,HGNN,0.01,FALSE,ResNet18,avgpool,TRUE,0.01,0.9,1
Hard_notpretrained,models/07cf8b8f49af586a8e74be62c757e641592d78f1700a989e92f2eb3f,,331fdf718eccc581e40a50d4677aad181b371dd30263c35a143f74f0,07cf8b8f49af586a8e74be62c757e641592d78f1700a989e92f2eb3f,Hard/curated_30_50,,448,TRUE,100,0.0001,5,HGNN,0.01,FALSE,ResNet18,avgpool,TRUE,0.01,0.9,1
Hard_notpretrained,models/a0a77de87f71334d10585afcae0401d22211391bb522cb4255803d6a,,331fdf718eccc581e40a50d4677aad181b371dd30263c35a143f74f0,a0a77de87f71334d10585afcae0401d22211391bb522cb4255803d6a,Hard/curated_30_50,,448,TRUE,100,0.0001,5,HGNN,0.01,FALSE,ResNet18,avgpool,TRUE,0.01,0.9,1
Hard_notpretrained,models/1a4e8720316c2f253c437dad3bbb716bdb18f9dd52a008d351e71caf,,331fdf718eccc581e40a50d4677aad181b371dd30263c35a143f74f0,1a4e8720316c2f253c437dad3bbb716bdb18f9dd52a008d351e71caf,Hard/curated_30_50,,448,TRUE,100,0.0001,5,HGNN,0.01,FALSE,ResNet18,avgpool,TRUE,0.01,0.9,1
Hard_notpretrained,models/1a2f280a22dad1045212ea3f8ad2e2363e16369697f57dc725b6ccc1,,331fdf718eccc581e40a50d4677aad181b371dd30263c35a143f74f0,1a2f280a22dad1045212ea3f8ad2e2363e16369697f57dc725b6ccc1,Hard/curated_30_50,,448,TRUE,100,0.0001,5,HGNN,0.01,FALSE,ResNet18,avgpool,TRUE,0.01,0.9,1
