,image_path,img_res,augmented,batchSize,learning_rate,numOfTrials,fc_layers,modelType,lambda,tl_model,link_layer,adaptive_smoothing,adaptive_lambda,adaptive_alpha,pretrained,loss,average correct guess prob,macro f1 test fine,macro f1 test coarse,macro f1 validation fine,time,epochs,top-3,top-5,experimentHash,trial,trialHash
0,Hard/curated_30_50,448,False,100,0.0001,5,1,HGNN,0.01,ResNet18,avgpool,True,0.01,0.9,True,4.153565406799316,0.4836420714855194,0.7732566846620474,0.8183823098778705,0.7650790749447645,4949.448144674301,36.0,90.87137,92.738594,57f7c86fecfbff7bdfa8312c44de0369c4335de3d77636c938b47c02,0,2818cecf3a4da43ee4c97cf95d8f860d9bce17dd15eed14317450121
1,Hard/curated_30_50,448,False,100,0.0001,5,1,HGNN,0.01,ResNet18,avgpool,True,0.01,0.9,True,4.1393232345581055,0.49798011779785156,0.7737772970140163,0.8370311073252101,0.7576292650300117,5379.4458701610565,39.0,90.24896,92.21992,57f7c86fecfbff7bdfa8312c44de0369c4335de3d77636c938b47c02,1,53872cc76e481a9343060c6d71122d7c3a7ef50d21f3aa6c15b3d72e
2,Hard/curated_30_50,448,False,100,0.0001,5,1,HGNN,0.01,ResNet18,avgpool,True,0.01,0.9,True,4.159088611602783,0.4780842065811157,0.7699742045430841,0.7885223067621709,0.7169979478234885,2790.2597148418427,20.0,89.62656,92.323654,57f7c86fecfbff7bdfa8312c44de0369c4335de3d77636c938b47c02,2,ad238d860043600b5bd37bf2f5fdd56694f5f780a00a20a36c7fc48f
3,Hard/curated_30_50,448,False,100,0.0001,5,1,HGNN,0.01,ResNet18,avgpool,True,0.01,0.9,True,4.14304256439209,0.49426937103271484,0.7731407422537637,0.8068666981104365,0.7545921248766814,4243.150246858597,31.0,90.3527,93.56847,57f7c86fecfbff7bdfa8312c44de0369c4335de3d77636c938b47c02,3,ba9a7cb665734a9e629227049fdba81a555faff55263c0deee49a49a
4,Hard/curated_30_50,448,False,100,0.0001,5,1,HGNN,0.01,ResNet18,avgpool,True,0.01,0.9,True,4.15309476852417,0.4841039180755615,0.7681150978645365,0.7536591309667136,0.733524856890463,4631.769988059998,35.0,90.3527,92.738594,57f7c86fecfbff7bdfa8312c44de0369c4335de3d77636c938b47c02,4,60372c0c5590c7f1df1e84096db93be14f75ec601c888197a73a5249
