{"experimentList": [{"image_path": "Hard/curated_30_50", "img_res": 448, "augmented": true, "batchSize": 64, "learning_rate": 0.0001, "numOfTrials": 5, "fc_layers": 1, "modelType": "HGNN", "lambda": 0.01, "tl_model": "ResNet18", "link_layer": "avgpool", "adaptive_smoothing": true, "adaptive_lambda": 0.01, "adaptive_alpha": 0.9, "pretrained": true}, {"image_path": "Hard/curated_30_50", "img_res": 448, "augmented": true, "batchSize": 64, "learning_rate": 0.0001, "numOfTrials": 5, "fc_layers": 1, "modelType": "BB", "lambda": 0.01, "tl_model": "ResNet18", "link_layer": "avgpool", "adaptive_smoothing": true, "adaptive_lambda": 0.01, "adaptive_alpha": 0.9, "pretrained": true}]}